t,gpu_util_pct,gpu_mem_used_mb,gpu_mem_total_mb,ram_used_gb
0,0,359,15360
0,2.4
60,23,2935,15360
0,3.7
120,61,5741,15360
0,4.2
180,43,4147,15360
0,4.9
240,100,2181,15360
0,5.5
300,61,3411,15360
0,6.2
360,90,12009,15360
0,6.7
420,92,10645,15360
0,6.7
481,0,2035,15360
0,6.7
541,89,14009,15360
0,7.2
601,89,7195,15360
0,7.2
661,85,5537,15360
0,7.2
721,91,6729,15360
0,7.2
781,89,14783,15360
0,7.2
841,87,4673,15360
0,7.2
901,85,8635,15360
0,7.2
961,90,14077,15360
0,7.2
1021,87,5053,15360
0,7.2
1081,90,10265,15360
0,7.2
1141,91,10789,15360
0,7.2
1201,90,4573,15360
0,7.2
1261,91,14067,15360
0,7.2
1321,91,9113,15360
0,7.2
1381,91,14577,15360
0,7.2
1441,89,4855,15360
0,7.2
1501,90,14859,15360
0,7.2
1561,87,5615,15360
0,7.2
1622,91,9209,15360
0,7.2
1682,86,8909,15360
0,7.2
1742,88,13151,15360
0,7.2
1802,88,6431,15360
0,7.2
1862,90,13809,15360
0,7.2
1922,90,11633,15360
0,7.2
1982,91,12645,15360
0,7.2
2042,90,5381,15360
0,7.2
2102,77,8253,15360
0,7.2
2162,85,5901,15360
0,7.2
2222,85,7963,15360
0,7.2
2282,89,10037,15360
0,7.2
2342,88,12895,15360
0,7.2
2402,85,7591,15360
0,7.2
2462,85,14097,15360
0,7.2
2522,67,7059,15360
0,7.2
2582,83,9725,15360
0,7.2
2642,85,4725,15360
0,7.2
2702,91,5367,15360
0,7.2
2763,90,5367,15360
0,7.2
2823,86,12143,15360
0,7.2
2883,82,5307,15360
0,7.2
2943,57,8163,15360
0,7.2
3003,68,8163,15360
0,7.2
3063,90,6799,15360
0,7.2
3123,87,14483,15360
0,7.2
3183,85,8205,15360
0,7.2
3243,88,8207,15360
0,7.2
3303,85,13679,15360
0,7.2
3363,89,10929,15360
0,7.2
3423,90,10929,15360
0,7.2
3483,90,10929,15360
0,7.2
3543,90,8159,15360
0,7.2
3603,92,8201,15360
0,7.2
3663,87,8203,15360
0,7.2
3723,89,12725,15360
0,7.2
3783,91,12725,15360
0,7.2
3843,88,12725,15360
0,7.2
3903,87,12727,15360
0,7.2
3964,91,10983,15360
0,7.2
4024,91,10647,15360
0,7.2
4084,91,13375,15360
0,7.2
4144,87,5535,15360
0,7.2
4204,89,14719,15360
0,7.2
4264,87,14721,15360
0,7.2
4324,87,5969,15360
0,7.2
4384,89,8327,15360
0,7.2
4444,88,11049,15360
0,7.2
4504,66,8049,15360
0,7.2
4564,89,9619,15360
0,7.2
4624,87,9655,15360
0,7.2
4684,87,12453,15360
0,7.2
4744,91,5459,15360
0,7.2
4804,89,9495,15360
0,7.2
4864,90,8403,15360
0,7.2
4924,84,7631,15360
0,7.3
4984,89,8285,15360
0,7.2
5044,88,5427,15360
0,7.2
5105,90,5473,15360
0,7.2
5165,91,5473,15360
0,7.2
5225,90,5473,15360
0,7.2
5285,91,10913,15360
0,7.2
5345,86,13505,15360
0,7.2
5405,89,8569,15360
0,7.2
5465,88,8569,15360
0,7.2
5525,61,14023,15360
0,7.2
5585,88,10157,15360
0,7.3
5645,91,5007,15360
0,7.2
5705,91,6869,15360
0,7.2
5765,86,4911,15360
0,7.2
5825,88,5671,15360
0,7.2
5885,90,5671,15360
0,7.2
5945,91,11005,15360
0,7.2
6005,91,9255,15360
0,7.2
6065,90,11391,15360
0,7.2
6125,87,12335,15360
0,7.2
6185,91,4809,15360
0,7.2
6245,91,8289,15360
0,7.2
6306,75,8289,15360
0,7.2
6366,84,13339,15360
0,7.2
6426,83,13343,15360
0,7.2
6486,85,13343,15360
0,7.2
6546,88,13343,15360
0,7.2
6606,86,12617,15360
0,7.2
6666,88,12619,15360
0,7.2
6726,87,5519,15360
0,7.2
6786,88,5519,15360
0,7.2
6846,88,10351,15360
0,7.2
6906,85,13207,15360
0,7.2
6966,63,13207,15360
0,7.2
7026,89,10965,15360
0,7.2
7086,87,8493,15360
0,7.2
7146,89,8495,15360
0,7.2
7206,88,14079,15360
0,7.2
7266,87,13073,15360
0,7.2
7326,82,10191,15360
0,7.2
7386,86,8037,15360
0,7.2
7447,82,10895,15360
0,7.3
7507,89,5549,15360
0,7.2
7567,87,5593,15360
0,7.2
7627,86,5593,15360
0,7.2
7687,18,13781,15360
0,7.2
7747,63,9965,15360
0,7.2
7807,83,14129,15360
0,7.2
7867,83,6081,15360
0,7.2
7927,86,6093,15360
0,7.2
7987,86,6093,15360
0,7.2
8047,42,6093,15360
0,7.2
8107,91,6093,15360
0,7.2
8167,87,4899,15360
0,7.2
8227,86,7797,15360
0,7.2
8287,91,7799,15360
0,7.2
8347,89,10489,15360
0,7.2
8407,37,7333,15360
0,7.3
8467,89,12959,15360
0,7.2
8527,88,12959,15360
0,7.2
8588,91,11891,15360
0,7.3
8648,87,14579,15360
0,7.3
8708,91,8313,15360
0,7.2
8768,46,8313,15360
0,7.2
8828,89,5131,15360
0,7.2
8888,89,5783,15360
0,7.2
8948,63,5783,15360
0,7.3
9008,91,4925,15360
0,7.2
9068,66,5545,15360
0,7.2
9128,37,5545,15360
0,7.2
9188,88,5545,15360
0,7.2
9248,91,7759,15360
0,7.2
9308,87,10659,15360
0,7.2
9368,87,10659,15360
0,7.2
9428,90,10659,15360
0,7.2
9488,90,12301,15360
0,7.2
9548,89,8355,15360
0,7.2
9608,91,8355,15360
0,7.2
9668,88,7241,15360
0,7.2
9728,91,9897,15360
0,7.2
9789,91,12753,15360
0,7.2
9849,88,12753,15360
0,7.2
9909,86,9153,15360
0,7.2
9969,90,12011,15360
0,7.2
10029,91,12011,15360
0,7.2
10089,85,12011,15360
0,7.2
10149,91,10263,15360
0,7.2
10209,86,10263,15360
0,7.2
10269,88,10263,15360
0,7.2
10329,90,11521,15360
0,7.2
10389,65,8375,15360
0,7.2
10449,70,11247,15360
0,7.2
10509,67,11247,15360
0,7.2
10569,84,11259,15360
0,7.2
10629,90,6637,15360
0,7.2
10689,91,12135,15360
0,7.2
10749,66,12135,15360
0,7.2
10809,88,5449,15360
0,7.2
10869,91,5449,15360
0,7.2
10930,92,6075,15360
0,7.2
10990,91,13775,15360
0,7.2
11050,72,6123,15360
0,7.2
11110,78,6125,15360
0,7.2
11170,58,6125,15360
0,7.2
11230,91,6135,15360
0,7.2
11290,88,6135,15360
0,7.2
11350,88,6135,15360
0,7.2
11410,86,6135,15360
0,7.2
11470,86,14689,15360
0,7.2
11530,87,14691,15360
0,7.2
11590,88,14691,15360
0,7.2
11650,90,4623,15360
0,7.2
11710,91,8411,15360
0,7.2
11770,91,13995,15360
0,7.2
11830,71,13995,15360
0,7.2
11890,88,8465,15360
0,7.2
11950,90,11365,15360
0,7.2
12010,91,11365,15360
0,7.3
12070,67,11365,15360
0,7.2
12131,92,9369,15360
0,7.2
12191,87,9369,15360
0,7.2
12251,82,9369,15360
0,7.2
12311,86,12169,15360
0,7.2
12371,87,5625,15360
0,7.2
12431,88,5625,15360
0,7.2
12491,85,5625,15360
0,7.2
12551,85,5635,15360
0,7.2
12611,88,5635,15360
0,7.2
12671,91,5635,15360
0,7.2
12731,90,5635,15360
0,7.3
12791,87,5193,15360
0,7.2
12851,89,10771,15360
0,7.2
12911,90,13643,15360
0,7.2
12971,86,13653,15360
0,7.2
13031,87,13653,15360
0,7.2
13091,89,12617,15360
0,7.2
13151,91,5889,15360
0,7.2
13211,86,9633,15360
0,7.3
13272,91,9633,15360
0,7.3
13332,86,9633,15360
0,7.2
13392,90,6699,15360
0,7.2
13452,92,12093,15360
0,7.2
13512,84,7579,15360
0,7.2
13572,90,7623,15360
0,7.2
13632,90,7351,15360
0,7.3
13692,90,12871,15360
0,7.3
13752,41,12873,15360
0,7.3
13812,86,12873,15360
0,7.3
13872,91,12883,15360
0,7.3
13932,83,12883,15360
0,7.2
13992,90,12883,15360
0,7.2
14052,83,12883,15360
0,7.3
14112,40,12883,15360
0,7.3
14172,89,12883,15360
0,7.2
14232,88,12883,15360
0,7.3
14292,91,7361,15360
0,7.2
14352,86,9467,15360
0,7.2
